1;company-1;2017-06-13;62;vsemil_05@zao.net
2;company-2;2004-12-02;97;alekse_1992@rao.edu
3;company-3;1997-12-14;38;oktjabrina18@detski.biz
4;company-4;1973-07-11;6;kirillovapolina@zao.com
5;company-5;2007-08-26;17;mihail38@ooo.biz
6;company-6;1991-05-08;99;fadeevaanna@ao.biz
7;company-7;1973-07-06;33;judinsolomon@gruppa.edu
8;company-8;1982-04-29;99;tvorimir07@ooo.edu
9;company-9;2017-09-11;93;nikodim_05@npo.info
10;company-10;2020-03-02;91;evgeni2013@muhina.ru
11;company-11;2000-04-22;12;jakushevstojan@mon.edu
12;company-12;1987-12-30;38;istepanov@sanofi.org
13;company-13;1986-08-04;20;safonovnikita@gorbunov.org
14;company-14;2008-02-12;82;stepanovvladlen@molchanov.net
15;company-15;1981-09-24;95;vasili96@ooo.edu
16;company-16;2019-07-28;93;andreevadrian@zao.com
17;company-17;1988-04-29;62;artemi42@otisifarm.biz
18;company-18;1994-05-25;17;evpraksija2013@fomicheva.biz
19;company-19;2015-04-04;33;platon39@ao.ru
20;company-20;1995-11-17;63;dvlasov@ao.ru
21;company-21;1970-04-22;100;mustinova@ooo.edu
22;company-22;1973-03-21;64;krjukovvsemil@rusenergosbit.com
23;company-23;1977-07-02;3;valentina_1999@roust.net
24;company-24;2006-03-16;95;gerasimovavde@zao.edu
25;company-25;1976-10-21;79;naumovnatan@ip.biz
26;company-26;1985-04-26;43;evstignevorobev@gruppa.com
27;company-27;2017-06-30;47;moise_2005@nizhfarm.net
28;company-28;1996-07-23;5;kliment12@npo.biz
29;company-29;2015-01-24;69;vasilisa2014@ao.com
30;company-30;1998-03-03;23;subbotinizot@npo.biz
31;company-31;2003-04-27;94;esoboleva@zao.net
32;company-32;2002-01-17;64;jan_2010@npo.org
33;company-33;1979-03-09;76;lukjan_84@ao.edu
34;company-34;1983-03-20;59;pavlovaviktorija@oao.net
35;company-35;2002-10-14;17;kir_56@npo.biz
36;company-36;1995-03-28;24;vitali_22@tgk-16.info
37;company-37;1996-03-12;76;vorontsovsila@semenov.biz
38;company-38;1985-05-19;5;julianbelozerov@polimetall.ru
39;company-39;1989-11-22;25;ninel19@qiwi.edu
40;company-40;1977-07-19;22;vadim_2012@novartis.biz
41;company-41;1980-12-29;86;nikolaevaverki@oao.ru
42;company-42;1973-08-14;8;zhukovsamson@ooo.ru
43;company-43;2006-12-29;21;dmitri67@ip.net
44;company-44;1995-09-29;1;judinaolga@rao.net
45;company-45;1998-11-08;41;kir_1975@rao.com
46;company-46;2011-02-01;7;modest_1974@oao.info
47;company-47;1984-11-27;36;kabanovserafim@megafon.edu
48;company-48;1982-08-06;69;pankrat_21@npo.edu
49;company-49;1977-12-14;75;kalashnikovnikita@ooo.info
50;company-50;2010-05-09;64;galkinmiron@interneshnl.info
51;company-51;2014-03-16;76;kornilovantonin@hohlova.info
52;company-52;1974-05-26;41;nosovvlas@komandor-holding.info
53;company-53;2015-04-18;76;avde_31@glenkor.org
54;company-54;2005-12-15;95;tamara_10@ao.ru
55;company-55;1970-08-15;17;bronislavkazakov@ip.ru
56;company-56;2019-05-09;77;erast_2022@kotov.info
57;company-57;1984-08-18;76;ninel1975@ao.info
58;company-58;1990-02-22;6;zuevaoksana@ao.info
59;company-59;2010-11-18;3;ushashkov@golubev.com
60;company-60;1992-04-11;68;ananimerkushev@billa.ru
61;company-61;2009-12-13;23;nadezhda_2004@ao.com
62;company-62;2016-12-19;82;kuzmagusev@evropa.info
63;company-63;2007-06-20;66;apahomov@rao.com
64;company-64;2021-10-17;77;kopilovauljana@rao.edu
65;company-65;1992-05-04;60;isa1980@gushchin.com
66;company-66;1974-05-13;70;korolevamos@ao.com
67;company-67;2001-10-31;8;kotovvenedikt@uralskie.edu
68;company-68;1977-03-02;33;morozovatamara@rao.edu
69;company-69;1973-06-07;9;gshubin@kalinin.edu
70;company-70;1999-09-30;32;poljakovvjacheslav@oao.org
71;company-71;2000-08-18;15;timofeevigor@gugl.biz
72;company-72;2009-07-31;46;onufri30@zao.biz
73;company-73;2013-04-17;5;mstislavkrilov@npo.biz
74;company-74;1980-01-20;11;safonovaanastasija@konstantinov.org
75;company-75;1993-04-05;43;dmitrievladislav@ao.net
76;company-76;2018-06-24;94;ija2011@ooo.org
77;company-77;2018-01-04;1;galkinaksenija@rao.biz
78;company-78;2020-04-14;82;deniskarpov@ao.net
79;company-79;2012-12-14;80;udementeva@ip.ru
80;company-80;1975-01-01;80;lidija1995@oao.net
81;company-81;1993-11-25;93;safonovadrian@zao.edu
82;company-82;2018-05-12;63;clazarev@burova.net
83;company-83;1994-08-19;44;lukjan_34@zatsev.net
84;company-84;1985-03-27;53;nadezhda16@zao.biz
85;company-85;1973-08-16;99;ljubosmisl78@sveza.biz
86;company-86;1987-03-26;18;komissarovruslan@rao.biz
87;company-87;2002-11-17;21;evfrosinija_1985@oao.org
88;company-88;1978-08-21;84;lazarevporfiri@ip.biz
89;company-89;1992-08-18;90;aggevishnjakov@ao.info
90;company-90;1976-02-13;48;aleksandrdrozdov@progress.info
91;company-91;2018-12-24;2;adamgorbunov@oao.info
92;company-92;1992-06-20;14;timur50@zao.com
93;company-93;1999-06-30;87;rjabovkondrat@safonova.ru
94;company-94;1997-12-22;71;parfen_25@oao.com
95;company-95;1981-11-04;62;oktjabrina_2008@safonov.biz
96;company-96;2005-05-26;45;karpovavtonom@rao.ru
97;company-97;2010-12-27;65;milan1992@ignatova.edu
98;company-98;1999-04-25;30;djachkovaraisa@ip.edu
99;company-99;2017-09-09;62;shirjaevarefi@ooo.ru
100;company-100;1972-12-26;63;florentin_74@zao.ru
101;company-101;2019-11-28;57;vishnjakovaveronika@rao.com
102;company-102;2013-12-31;4;filatovfedosi@mosmetrostro.info
103;company-103;2019-03-19;93;petuhovevstigne@oao.edu
104;company-104;1988-01-24;89;pahomgorbunov@npo.org
105;company-105;1992-09-18;6;jterenteva@ao.com
106;company-106;1986-03-12;52;shilovbazhen@ao.net
107;company-107;1985-08-31;46;elizaveta_63@ip.biz
108;company-108;2002-07-04;25;vsevolod_42@npo.biz
109;company-109;2002-02-24;17;artemevdobromisl@ooo.edu
110;company-110;1977-07-05;71;kirillovatamara@farmperspektiva.com
111;company-111;1994-09-20;28;dementevanadezhda@oao.ru
112;company-112;1997-08-04;30;pelageja_2021@sds.org
113;company-113;2009-02-22;83;radislavsamolov@rao.com
114;company-114;1972-09-11;9;ustinovratmir@ao.org
115;company-115;2013-02-16;8;fedoseevavasilisa@rao.edu
116;company-116;1980-05-15;49;nazar1977@ooo.biz
117;company-117;1979-10-16;74;arhip_2019@rao.biz
118;company-118;1975-10-10;35;tjudin@ip.com
119;company-119;1993-07-12;52;abramovnazar@teterin.edu
120;company-120;2007-07-26;75;savinatamara@setevaja.net
121;company-121;1984-06-20;76;grishinkornil@rao.biz
122;company-122;1978-12-24;60;anisimovradim@ao.org
123;company-123;2003-06-09;23;vseslavmihalov@kolesnikova.biz
124;company-124;1985-05-19;0;haritonovavksenti@panfilova.org
125;company-125;2022-06-18;29;anekrasova@ooo.biz
126;company-126;2008-11-02;52;innokenti_2005@npo.biz
127;company-127;1999-08-08;57;subbotinprokofi@ip.com
128;company-128;2007-06-01;85;kira26@kotova.info
129;company-129;2020-09-16;9;jakubermakov@tretjakov.org
130;company-130;2011-06-18;43;bikovaivanna@kostin.net
131;company-131;2006-09-17;18;merkushevmark@oao.info
132;company-132;2017-01-19;93;guri_1980@nikolaev.edu
133;company-133;2015-06-15;23;seliverst2005@tagras.com
134;company-134;2016-08-23;35;valerjan2021@rao.net
135;company-135;1981-05-18;73;stanislav2018@alekseeva.info
136;company-136;1988-02-05;8;seleznevisa@taif-nk.org
137;company-137;1977-05-30;79;aristarh_2020@titan.com
138;company-138;2004-08-10;0;hkorolev@zao.info
139;company-139;1988-02-20;48;gavrila_2014@trubnaja.edu
140;company-140;1995-01-22;66;egorovanina@ao.net
141;company-141;1981-07-12;15;seleznevamarina@npo.org
142;company-142;1984-04-12;65;ippolitturov@singenta.com
143;company-143;2006-08-21;4;mihail1973@ooo.ru
144;company-144;2010-04-02;83;pahomovagafon@zao.com
145;company-145;2005-02-21;85;ygromov@gk.org
146;company-146;1989-11-24;41;eleonora06@ao.ru
147;company-147;2020-12-09;76;juvenalikondratev@rao.edu
148;company-148;1993-04-09;42;nesterovvjacheslav@mazda.com
149;company-149;2022-03-09;8;ratiborzhuravlev@diksi.info
150;company-150;2017-06-24;69;vikentitimofeev@novikov.com
151;company-151;2010-02-01;92;rjabovpavel@ip.ru
152;company-152;1991-11-04;83;nina1983@npo.com
153;company-153;2002-10-30;65;isakovaninel@mjasnikova.ru
154;company-154;1977-07-27;18;nikodim_88@ooo.edu
155;company-155;1988-12-11;68;bogdan_1977@npo.info
156;company-156;1976-11-23;28;marktsvetkov@abb.ru
157;company-157;1972-05-13;100;dmitrievaskold@ooo.com
158;company-158;1994-11-01;7;evdokim82@zao.info
159;company-159;1993-08-13;8;apollinari_85@potapov.org
160;company-160;2014-06-01;1;evdokija_2016@ip.net
161;company-161;2008-02-18;62;mmoiseeva@zao.com
162;company-162;1970-01-27;53;nina_1981@oao.com
163;company-163;2001-05-23;5;zinovi1981@farmimeks.info
164;company-164;2018-06-14;1;mina17@oao.biz
165;company-165;1986-08-06;14;potapovafinogen@gureva.net
166;company-166;1998-04-05;45;ustinovamargarita@npo.info
167;company-167;2019-02-14;19;darja90@doronina.edu
168;company-168;1990-12-27;93;avde2018@ip.com
169;company-169;1997-10-24;81;sofongushchin@tretjakov.info
170;company-170;1989-01-13;34;ijakovleva@rusakov.biz
171;company-171;1985-10-20;83;mkononova@rao.edu
172;company-172;2002-01-13;3;rodionovaveronika@ip.com
173;company-173;1988-10-04;25;kapustinfoka@npo.ru
174;company-174;1979-07-01;9;vissarion44@zao.com
175;company-175;1974-06-16;17;tsvetkovamarija@rao.edu
176;company-176;1975-09-18;24;ravdeev@ao.com
177;company-177;1998-06-26;14;gblohin@yakobs.com
178;company-178;2012-12-29;8;evdokija1981@rao.info
179;company-179;1981-04-23;63;marian_1973@samsonova.com
180;company-180;1983-08-31;42;tamara43@ooo.com
181;company-181;1975-09-21;67;maksimiljan11@ip.org
182;company-182;1973-08-17;97;kuzminatamara@rao.biz
183;company-183;2004-11-01;22;krjukovhariton@zao.net
184;company-184;2005-08-12;4;ermola_1975@npo.edu
185;company-185;1981-12-04;15;nzinovev@kolobova.edu
186;company-186;1992-01-21;52;lavr1999@ashinski.biz
187;company-187;2016-03-25;67;belousovbudimir@katren.edu
188;company-188;2018-02-16;45;komissarovalekse@neftmagistral.ru
189;company-189;2021-01-30;37;pavlovamvrosi@rao.edu
190;company-190;1981-03-15;80;evdokija41@impeksneftehim.info
191;company-191;2003-02-26;94;solovevaljubov@ooo.biz
192;company-192;1998-09-05;100;angelina_2004@oao.edu
193;company-193;1992-07-22;41;potap_1971@ao.net
194;company-194;1992-09-21;75;mtrofimova@npk.net
195;company-195;2003-06-12;72;boleslav1976@silovie.info
196;company-196;1994-11-22;69;merkushevvalerjan@danilov.edu
197;company-197;1981-03-25;68;ladimir_2010@zao.edu
198;company-198;2007-10-14;10;polikarp1992@gk.ru
199;company-199;2013-11-10;19;nosovgedeon@zao.biz
200;company-200;2010-11-29;59;mechislavmuravev@ip.org
201;company-201;1984-04-09;84;vsemil1992@ip.info
202;company-202;1970-10-12;41;mlebedeva@ip.net
203;company-203;2000-07-10;31;ishchukina@rao.info
204;company-204;1980-10-05;54;prokofi_1981@npo.biz
205;company-205;1979-12-24;92;samson_2010@ooo.ru
206;company-206;1970-10-02;6;dorofeevkondrati@gk.edu
207;company-207;2019-04-22;95;fedorribakov@oao.com
208;company-208;2018-01-17;30;gorde_1988@softline.edu
209;company-209;1976-10-12;59;maslovkim@ooo.net
210;company-210;1981-05-13;38;afanasevaija@ip.edu
211;company-211;2018-10-04;7;kapustinanadezhda@npo.com
212;company-212;2012-08-02;67;naina1978@zao.net
213;company-213;2002-12-18;68;lukjan91@rao.edu
214;company-214;1977-11-22;12;varlaam_1996@rao.com
215;company-215;1977-12-17;55;mamontovveniamin@oao.ru
216;company-216;1973-07-23;6;spiridon54@ao.net
217;company-217;1991-01-05;95;solovevaalina@ooo.info
218;company-218;1995-12-02;25;olimpi1987@zao.ru
219;company-219;2005-07-18;90;fade91@rao.net
220;company-220;1991-06-18;7;vorobevfeoktist@zao.ru
221;company-221;2002-04-20;44;evstigne_68@ooo.biz
222;company-222;1974-01-03;28;zosimagrigorev@muhina.org
223;company-223;1999-09-16;7;anzhelika_2001@ooo.ru
224;company-224;2000-06-09;71;gordeevandron@zao.biz
225;company-225;1980-10-22;14;gguljaeva@ooo.net
226;company-226;2006-05-08;61;dorofe_91@npo.com
227;company-227;2001-03-29;85;sidor_51@zao.org
228;company-228;2021-12-09;88;simon1972@oao.com
229;company-229;2008-05-19;94;rozhkovsavvati@rosselhozbank.info
230;company-230;2000-08-15;52;nikiforovaanzhela@matveev.biz
231;company-231;2001-09-21;70;bronislav2018@ao.org
232;company-232;2014-06-12;84;askold74@rao.edu
233;company-233;1983-10-26;7;kiselevuljan@rao.edu
234;company-234;1998-02-16;70;popovvadim@rao.ru
235;company-235;2011-11-24;27;moiseevajulija@titova.com
236;company-236;1986-07-20;71;igorbirjukov@ao.biz
237;company-237;1981-02-02;84;melnikovasinklitikija@rao.ru
238;company-238;2012-03-19;37;rjabovevstafi@ao.info
239;company-239;1999-02-17;26;selivan2001@oao.biz
240;company-240;1977-08-03;34;kapustinanatalja@rao.net
241;company-241;1999-07-23;87;skrjukova@ip.biz
242;company-242;2014-12-08;12;svetozar76@katerpillar.edu
243;company-243;2014-06-16;47;poljakovkornil@npo.ru
244;company-244;2002-01-16;37;izjaslav_2008@zao.biz
245;company-245;1973-06-09;63;rozhkovaklavdija@oao.com
246;company-246;1972-12-04;14;bespalovtverdislav@ooo.biz
247;company-247;2010-08-31;17;litkinaolimpiada@rao.org
248;company-248;1975-12-04;65;ostap89@ooo.com
249;company-249;2015-03-17;9;simon2002@ooo.biz
250;company-250;2015-01-17;23;galkinirakli@ao.ru
251;company-251;2016-06-07;51;nonna17@sollers.ru
252;company-252;2021-09-10;36;evdokimovkarl@trofimova.info
253;company-253;1987-08-05;70;ignatevradovan@ip.com
254;company-254;1991-11-26;32;parfenrodionov@oao.com
255;company-255;2018-12-04;49;adam57@npo.ru
256;company-256;2021-02-18;94;litkinrodion@skanija-rus.info
257;company-257;1972-12-18;17;ignatovvarlaam@zinovev.ru
258;company-258;1993-07-25;30;sergeevaivanna@ooo.ru
259;company-259;1978-08-12;90;alina_2014@npo.ru
260;company-260;2014-01-19;74;kozlovmilan@zao.edu
261;company-261;1972-03-06;74;hristoforveselov@ip.edu
262;company-262;2017-08-19;84;vorontsovfoma@mms.com
263;company-263;2018-07-08;42;prohorovafaina@ip.biz
264;company-264;2021-03-28;57;trifon2003@petuhova.info
265;company-265;1981-11-15;32;kudrjashovfilaret@danilov.net
266;company-266;2010-09-22;64;kozlovaksenija@efimov.info
267;company-267;2020-07-31;82;sharovbronislav@npo.biz
268;company-268;2000-08-05;64;emilija_72@markov.biz
269;company-269;2001-02-13;97;kopilovigor@afanaseva.net
270;company-270;2010-08-23;68;makarkomarov@ao.org
271;company-271;1976-12-26;38;dorofe91@rao.edu
272;company-272;2008-02-17;75;ignatovradislav@ao.com
273;company-273;1974-01-11;75;kuzminhristofor@ip.edu
274;company-274;2010-04-26;4;vitali_82@uralkali.net
275;company-275;2016-02-23;45;valeri22@ao.biz
276;company-276;1998-08-22;2;edjachkova@kompanija.net
277;company-277;1987-07-29;76;pgrishina@rao.info
278;company-278;2002-09-07;69;afanasevaeleonora@npo.org
279;company-279;2012-01-20;49;dementevaviktorija@ooo.org
280;company-280;2001-04-02;6;tarasovstanislav@ip.biz
281;company-281;1974-08-31;44;strelkovgavrila@ooo.info
282;company-282;2013-03-25;45;gavrila1974@ip.info
283;company-283;1984-06-23;94;lmatveev@gruppa.ru
284;company-284;1998-11-24;89;milan1981@ao.ru
285;company-285;2019-11-02;81;fevronija63@oao.net
286;company-286;1977-08-24;39;shcherbakovaninel@zao.com
287;company-287;2011-11-01;41;beljakovaolga@oao.org
288;company-288;1987-05-19;67;semengushchin@rao.net
289;company-289;1993-01-21;95;kulakovaevgenija@zao.biz
290;company-290;2002-12-09;97;naina2015@ip.org
291;company-291;1975-07-03;57;kuzma_34@kalinin.org
292;company-292;1999-10-28;79;mamontovaoksana@altavagon.net
293;company-293;2013-01-05;41;krjukovzinovi@zao.ru
294;company-294;1971-04-30;1;ignatovaglafira@emeljanova.biz
295;company-295;1977-06-10;31;zahar16@oao.edu
296;company-296;2000-12-17;29;valerjankapustin@gorbachev.biz
297;company-297;1982-12-29;67;emil2009@oao.org
298;company-298;1987-01-21;27;guljaevevgeni@ao.net
299;company-299;1976-03-19;12;andron48@ao.ru
300;company-300;1988-09-19;6;azari42@npo.net
301;company-301;2014-05-15;82;litkinernest@rao.biz
302;company-302;1987-03-04;20;radim_1970@abi.net
303;company-303;1986-04-17;31;loginovvarfolome@rao.biz
304;company-304;1995-06-23;4;ilarionlavrentev@ooo.edu
305;company-305;1996-09-16;23;matveevaeleonora@rao.ru
306;company-306;1974-02-19;76;semenmarkov@shchukina.net
307;company-307;1973-08-07;76;kgorshkova@zao.com
308;company-308;2002-07-06;95;vorobevvalentin@bobrov.ru
309;company-309;1991-10-25;59;kim1992@sidorova.edu
310;company-310;1984-12-21;2;hariton2007@lavrentev.net
311;company-311;2015-01-21;54;komissarovgerman@npo.edu
312;company-312;2015-05-16;89;valerjan1997@tagras.org
313;company-313;1979-11-03;75;samsonovaksenija@rao.com
314;company-314;1971-12-01;27;radim_1972@domrf.com
315;company-315;2011-07-11;67;bsorokin@npo.edu
316;company-316;1996-04-11;92;sila92@ip.info
317;company-317;1998-08-08;98;loginovaljudmila@ooo.biz
318;company-318;2014-04-18;45;kulikovguri@rao.com
319;company-319;1995-09-04;9;grigori_1984@rao.ru
320;company-320;1986-11-11;91;kuzmakrjukov@zao.ru
321;company-321;1978-06-30;40;ljubim_2010@rao.biz
322;company-322;1971-06-17;27;innokentilarionov@shubin.edu
323;company-323;1989-01-08;42;kim_1990@zao.edu
324;company-324;1972-06-19;38;muravevalukija@ip.ru
325;company-325;1990-02-13;74;shilovluka@ooo.info
326;company-326;2021-07-29;73;eliseevavalentina@ip.edu
327;company-327;2013-11-17;2;tamara00@ooo.biz
328;company-328;1985-03-07;74;sofon_11@bmv.net
329;company-329;1985-09-20;41;kuznetsovatamara@ooo.com
330;company-330;1986-02-26;20;naum_40@ip.info
331;company-331;1980-12-05;49;kononovaolga@qiwi.edu
332;company-332;2004-11-09;66;dobroslav82@oao.edu
333;company-333;2003-09-12;66;ustinovaeleonora@gureva.com
334;company-334;2008-05-18;20;matve67@kamski.org
335;company-335;2013-09-29;54;rkudrjashova@ip.ru
336;company-336;1995-04-19;59;komarovratmir@ip.ru
337;company-337;1998-08-20;85;visheslav38@oao.edu
338;company-338;1982-07-01;1;kuzminigor@ao.net
339;company-339;2012-11-26;6;oksana1995@rao.ru
340;company-340;2015-03-12;35;sevastjan11@npo.biz
341;company-341;1989-04-10;3;mfokin@artemev.biz
342;company-342;2017-08-30;57;mishinaregina@voronova.com
343;company-343;1982-01-29;87;dobroslav1990@ip.net
344;company-344;1996-11-12;94;cfomin@ip.edu
345;company-345;2002-11-21;67;lkalinina@zao.org
346;company-346;1972-12-16;76;spiridon12@zao.ru
347;company-347;2018-10-24;79;aleksandrovemil@angk.edu
348;company-348;2018-12-02;7;lidija_1979@rao.info
349;company-349;2018-07-29;83;firs74@ilin.ru
350;company-350;2002-10-22;99;aosipov@ip.info
351;company-351;1993-03-02;3;rodion44@oao.edu
352;company-352;2005-04-05;17;ziminartemi@ooo.info
353;company-353;2021-02-16;18;zikovbazhen@npo.ru
354;company-354;2008-04-28;59;dorofe89@volkov.org
355;company-355;2012-11-10;58;galina_2015@rao.com
356;company-356;1993-12-28;61;bogdanovarefi@ooo.info
357;company-357;1995-06-30;79;tmedvedeva@konovalov.edu
358;company-358;1990-07-30;32;elizaveta_70@farmstandart.com
359;company-359;1987-11-06;50;kirill1970@oao.edu
360;company-360;1988-01-03;54;hharitonov@megafon.ru
361;company-361;2011-02-26;67;mkorolev@oao.com
362;company-362;2001-11-22;21;valerisilin@zao.com
363;company-363;1979-07-19;31;pankrat98@ooo.info
364;company-364;1992-05-10;38;kondrat2002@npo.org
365;company-365;2007-10-21;75;ggrigoreva@bogdanova.ru
366;company-366;1993-12-06;100;fokinljubosmisl@singenta.org
367;company-367;1973-02-11;53;zsoloveva@zao.ru
368;company-368;2021-01-13;86;iosif_29@ip.org
369;company-369;1995-08-03;31;ikudrjashova@zao.ru
370;company-370;2010-08-27;13;moise1992@ao.info
371;company-371;2000-06-15;10;polikarp76@npo.com
372;company-372;1989-08-18;24;kasjanmihalov@rao.edu
373;company-373;2011-02-20;52;fvorobev@rao.info
374;company-374;2004-10-02;80;rozhkovlavrenti@zao.net
375;company-375;2003-05-26;72;dtimofeev@rao.com
376;company-376;1988-07-16;63;valerija1988@zao.ru
377;company-377;2022-08-04;80;bogdanovaninel@evseeva.edu
378;company-378;2020-10-23;33;grigori85@zao.net
379;company-379;2018-10-08;80;safonovmoise@ooo.info
380;company-380;1998-04-04;31;kknjazev@bobilev.com
381;company-381;2014-11-17;98;luchezar_2015@bragina.org
382;company-382;2021-04-25;74;epifan_81@ao.org
383;company-383;1982-07-21;26;rodionovmitofan@ooo.edu
384;company-384;1997-08-14;18;tretjakovtit@gruppa.com
385;company-385;1984-01-02;61;averki62@npo.ru
386;company-386;2009-10-18;28;roman_1985@ip.edu
387;company-387;2008-12-04;72;bazhen_2012@bristol.com
388;company-388;2022-04-10;23;jan1995@avesta.ru
389;company-389;2007-11-06;50;vlas_1987@uvarov.net
390;company-390;2011-07-22;93;rusakovafekla@rao.edu
391;company-391;1996-05-13;7;qsimonov@domrf.net
392;company-392;1984-10-05;41;vissarionsilin@ip.edu
393;company-393;2010-02-21;56;afinogen_61@npo.biz
394;company-394;2015-11-08;49;pestovsokrat@ooo.info
395;company-395;1987-12-25;53;kuzma_1973@ooo.edu
396;company-396;1995-11-09;85;hkazakov@zao.ru
397;company-397;1994-12-23;88;ipati_1982@rao.ru
398;company-398;1975-12-06;36;ksenija_44@ignatov.org
399;company-399;1999-07-04;43;jpanova@silin.biz
400;company-400;1972-01-25;29;nadezhda_1970@zao.ru
401;company-401;2001-03-17;85;jdoronina@ooo.biz
402;company-402;2004-11-09;67;leonti_52@ooo.info
403;company-403;2021-05-14;51;arseniaksenov@pahomova.info
404;company-404;1994-06-29;40;evstafikapustin@rao.com
405;company-405;1975-06-10;3;maksim71@belozerov.edu
406;company-406;2011-08-22;55;subbotinafinogen@zao.com
407;company-407;1978-08-25;21;nonna_45@ooo.info
408;company-408;2006-09-28;32;saveli_2019@npo.org
409;company-409;1977-06-05;4;petr1982@zao.info
410;company-410;1980-11-30;90;rusakovevlampi@npo.edu
411;company-411;2006-07-19;88;vera54@ip.net
412;company-412;2016-04-20;92;gremislav2016@vebrf.info
413;company-413;1977-01-28;48;bgushchin@ao.info
414;company-414;1982-12-04;100;suvorovelise@ao.biz
415;company-415;2017-05-04;50;pestovsevastjan@npo.biz
416;company-416;2011-09-22;95;ustinovauljana@rao.edu
417;company-417;1996-11-13;94;zaharovsvjatoslav@vladimirova.net
418;company-418;1979-11-11;69;sokolovantip@lavrenteva.net
419;company-419;2014-05-14;25;boleslavvolkov@gugl.net
420;company-420;1973-09-13;71;paramonbelov@golubeva.ru
421;company-421;2019-12-04;22;sazonovviktor@ooo.net
422;company-422;2000-06-11;73;sharapovradim@oao.edu
423;company-423;1975-07-09;84;petrovavasilisa@ip.info
424;company-424;2010-12-11;15;azarikapustin@npo.ru
425;company-425;1987-01-12;59;bespalovljubomir@zavod.info
426;company-426;1983-11-09;61;evgeni_1980@zao.com
427;company-427;2001-04-02;35;filatovdenis@ooo.org
428;company-428;1974-12-06;1;danila_2021@rao.biz
429;company-429;2015-04-24;30;fustinov@zao.net
430;company-430;1971-11-04;69;samson1990@ooo.ru
431;company-431;1970-12-02;15;kuprijan_29@oao.info
432;company-432;2015-03-11;41;olimpi_1981@npo.com
433;company-433;1998-09-22;32;pahomovostromir@rao.ru
434;company-434;1999-12-31;30;vatslav_40@ao.ru
435;company-435;1979-02-21;8;stepan96@zao.edu
436;company-436;2005-03-05;21;aristarh_2016@zimin.net
437;company-437;2003-01-03;90;sitnikovratibor@ip.org
438;company-438;2013-12-07;70;andre_51@zao.edu
439;company-439;1998-03-10;89;lazar_1977@mmk.info
440;company-440;1972-04-10;77;zatsevosip@avdeev.com
441;company-441;2007-10-26;95;gerasimovradislav@gruppa.info
442;company-442;1977-03-29;16;ljubimpanfilov@npo.biz
443;company-443;1987-11-09;79;gerasim1987@petuhov.ru
444;company-444;1998-10-26;25;filipp92@zatsev.org
445;company-445;2004-10-07;39;vatslav1994@ao.edu
446;company-446;2019-07-27;49;arseni_01@fmsm.biz
447;company-447;2004-04-01;82;krasilnikovaglafira@ooo.com
448;company-448;2013-03-24;94;zhukovevstafi@ao.info
449;company-449;2020-07-27;2;hustinov@ip.net
450;company-450;2018-03-08;5;agafja_89@npo.com
451;company-451;1973-05-21;45;guri_1990@rao.net
452;company-452;1976-03-16;62;mili_84@zao.edu
453;company-453;2006-06-16;15;platon_00@ooo.biz
454;company-454;1995-10-23;93;sidorovaemilija@ao.biz
455;company-455;1976-01-14;48;prov_1999@vebrf.org
456;company-456;1993-03-12;53;uljan31@ooo.info
457;company-457;1999-07-25;52;saveli01@nezavisimaja.biz
458;company-458;2004-06-24;69;leon61@belousov.net
459;company-459;1987-11-19;60;grodionov@pskovvtormet.net
460;company-460;1997-12-29;1;czhuravleva@sorokin.net
461;company-461;1995-05-16;69;nshubin@tetra.biz
462;company-462;2022-04-09;9;turovsila@ao.edu
463;company-463;2017-05-25;31;leonti22@ooo.com
464;company-464;1996-10-23;8;belozerovsilvestr@rao.edu
465;company-465;1988-03-23;3;anatoli_2008@ooo.biz
466;company-466;2014-03-24;42;kotovefrem@gazenergoservis.net
467;company-467;1982-10-19;61;emeljanevdokimov@npo.info
468;company-468;2017-01-31;81;ruben_85@zao.org
469;company-469;1989-12-30;1;mihailsafonov@ao.org
470;company-470;2015-09-16;4;oleg1986@rao.ru
471;company-471;2020-06-23;100;litkinafekla@ao.com
472;company-472;1970-01-03;22;lihachevostromir@ip.com
473;company-473;2005-07-06;30;cmelnikova@zao.net
474;company-474;1986-06-11;33;spiridon_10@uralskie.ru
475;company-475;1970-04-16;21;averki83@ip.net
476;company-476;1980-05-07;95;samson_2018@npo.biz
477;company-477;1974-09-27;38;erofe_1990@rao.info
478;company-478;1994-01-22;0;strelkovaljubov@oao.net
479;company-479;1976-07-24;28;luka42@gorbacheva.com
480;company-480;2000-12-26;59;spartakpestov@bobrova.org
481;company-481;1971-09-12;9;belovereme@zao.edu
482;company-482;2007-08-18;33;nadezhda70@kompanija.edu
483;company-483;1971-01-24;38;kblinov@zao.ru
484;company-484;2008-02-17;75;aksenovaekaterina@ip.edu
485;company-485;1979-06-23;32;leon75@rao.edu
486;company-486;1975-08-06;99;kopilovjuli@npo.ru
487;company-487;2016-10-06;57;bolshakovafevronija@ooo.net
488;company-488;1991-10-09;3;sevastjan_2015@strelkova.biz
489;company-489;1986-07-17;16;xmironov@ao.ru
490;company-490;1994-02-07;7;evdokim_1978@oao.com
491;company-491;1997-07-04;68;svjatopolk1986@poljakov.edu
492;company-492;1984-07-01;11;gavrilaartemev@oao.biz
493;company-493;2004-09-02;35;gavrilovvseslav@ao.org
494;company-494;1987-11-19;54;vorontsovfilimon@gk.ru
495;company-495;2016-12-11;37;filimon_1986@gk.ru
496;company-496;1973-07-10;84;zkolesnikova@zao.com
497;company-497;1986-10-21;71;kapiton96@ao.org
498;company-498;2013-05-01;62;ershovpetr@vorontsov.biz
499;company-499;2000-03-22;26;bnikiforov@oao.edu
500;company-500;1987-05-19;100;afinogenmerkushev@oao.info
501;company-501;1988-09-12;33;trofim78@npo.biz
502;company-502;2018-01-11;60;knjazevaaleksandra@npo.biz
503;company-503;1985-03-05;62;fedor_2000@veselova.info
504;company-504;1972-11-17;57;rusakovaanastasija@pervi.net
505;company-505;2003-12-11;54;ljubov86@zao.info
506;company-506;2020-09-16;48;maksimvlasov@npo.com
507;company-507;2005-08-07;40;grigori1985@kolesnikov.ru
508;company-508;2014-08-16;33;amvrosiponomarev@zao.ru
509;company-509;1990-11-02;24;spiridon_1992@npo.info
510;company-510;1994-10-15;49;gremislav1974@oao.org
511;company-511;1973-12-11;60;ostapknjazev@rao.net
512;company-512;1972-10-28;85;isaevaanna@rao.com
513;company-513;1970-07-07;68;jan_1983@fomina.info
514;company-514;1994-02-08;26;vseslavzuev@rao.biz
515;company-515;1988-07-27;5;chernovandre@zueva.biz
516;company-516;1974-03-23;57;militsa_69@rao.ru
517;company-517;1989-05-30;78;osip67@rao.ru
518;company-518;2016-08-25;30;filimon_1972@medvedeva.net
519;company-519;2011-09-13;44;svjatoslavmaslov@ip.edu
520;company-520;1984-11-24;66;lkomarov@npo.net
521;company-521;2007-01-02;7;doroninsilvestr@billa.edu
522;company-522;1981-11-13;25;anzhelika_1978@rossiskie.com
523;company-523;1979-04-22;1;jrogov@oao.net
524;company-524;1987-04-02;64;anna_29@smirnov.com
525;company-525;1984-12-27;3;foma2015@oao.edu
526;company-526;1975-02-04;45;vladimirovarseni@vladimirova.biz
527;company-527;1972-10-19;36;anna1984@ip.org
528;company-528;2001-09-25;31;agge_2004@ao.info
529;company-529;2006-05-31;45;lidija_59@zao.net
530;company-530;1971-07-06;87;idjachkova@zao.info
531;company-531;1999-08-01;33;pankrat2003@npo.org
532;company-532;1992-02-26;92;lobanovlev@ao.com
533;company-533;1985-03-14;68;kondrat79@oao.org
534;company-534;2006-04-28;97;viktor_41@rao.ru
535;company-535;2013-07-05;73;litkintimofe@rao.com
536;company-536;1995-12-28;95;artemevavtonom@rao.edu
537;company-537;2016-08-09;17;braginaevdokija@ooo.edu
538;company-538;2021-08-08;94;akim45@rao.ru
539;company-539;1995-08-20;11;vladislav2005@lavrentev.net
540;company-540;1999-12-28;92;elazarev@zao.org
541;company-541;2022-01-11;84;valentina20@zao.biz
542;company-542;2005-12-15;20;ustin26@ignatov.biz
543;company-543;1993-08-23;1;askoldmaslov@progress.biz
544;company-544;1988-06-13;6;wantonov@ip.edu
545;company-545;2017-05-20;21;bespalovalarisa@npo.ru
546;company-546;1997-05-09;10;sazonovaelena@ao.edu
547;company-547;1972-03-09;49;dementi_59@adidas.biz
548;company-548;2005-05-18;2;timur2007@yunilever.ru
549;company-549;1993-12-27;2;feoktist_65@smirnova.edu
550;company-550;2004-11-01;65;maksimguljaev@rao.org
551;company-551;1995-11-28;39;agata31@oao.info
552;company-552;2020-10-27;99;semenovtit@rao.ru
553;company-553;1996-02-23;94;kondrati17@gavrilov.com
554;company-554;1993-03-15;74;kalininagge@kordiant.net
555;company-555;1993-05-13;11;denisovhariton@ao.info
556;company-556;2019-10-29;59;gorshkovilja@ip.edu
557;company-557;2020-10-12;95;moiseevradislav@zhdanov.edu
558;company-558;1974-07-30;52;sazonovkonon@rao.edu
559;company-559;1991-04-18;85;naumovklavdi@rao.biz
560;company-560;2003-11-02;44;borisovafaina@shchukin.info
561;company-561;1982-09-28;87;glebsavin@rao.info
562;company-562;1991-01-08;66;artemi_13@koshelev.ru
563;company-563;1994-08-16;97;gremislav1983@zao.edu
564;company-564;1978-05-17;22;ysimonov@ip.edu
565;company-565;2021-03-20;33;savinaleksandr@npo.net
566;company-566;2001-06-16;31;alekse_16@rao.org
567;company-567;1979-02-17;65;nazarnazarov@startteh.biz
568;company-568;1998-10-25;2;milovan_2014@npo.com
569;company-569;1976-05-04;78;vissarion60@rao.biz
570;company-570;2001-05-31;12;artemi_26@safonov.info
571;company-571;2020-08-27;62;milovan_2021@ip.org
572;company-572;2022-04-23;22;aleksandrovmaksim@melnikova.org
573;company-573;1990-06-25;94;dobromisl61@efimov.com
574;company-574;2015-11-04;53;rmakarova@oao.biz
575;company-575;2015-11-21;80;vissarionpopov@npo.org
576;company-576;1973-10-27;4;glafira1985@rao.biz
577;company-577;1984-05-06;87;nesterovaalina@ooo.biz
578;company-578;1996-07-19;62;paramon1982@npo.net
579;company-579;1985-06-03;83;nikanor81@rao.org
580;company-580;2000-08-05;0;rozhkovdementi@ip.info
581;company-581;1981-09-28;60;simon_2002@avilon.biz
582;company-582;2020-10-04;16;denis05@ao.edu
583;company-583;2003-12-23;25;arseni_12@rao.org
584;company-584;2008-12-20;14;dobroslav91@ip.org
585;company-585;1985-07-14;1;kalashnikovamargarita@guljaeva.net
586;company-586;2000-01-17;1;matve_2017@kudrjavtseva.edu
587;company-587;2008-08-22;51;makar_1979@ip.com
588;company-588;2017-07-30;37;nikodim1974@ooo.com
589;company-589;2016-07-16;1;loginovkuzma@kondratev.net
590;company-590;2018-07-03;100;emil_76@emex.info
591;company-591;1983-01-01;39;osamsonova@krasilnikova.info
592;company-592;2006-03-31;44;volkovborislav@oao.org
593;company-593;2007-06-03;56;ignati1976@ip.biz
594;company-594;1992-06-10;1;subbotinleonid@medvedev.info
595;company-595;1991-03-17;37;knjazevamvrosi@matveev.biz
596;company-596;1989-09-16;60;petr80@ip.edu
597;company-597;1985-11-30;12;gordegerasimov@zao.info
598;company-598;2018-08-22;58;ananikrilov@belova.info
599;company-599;1978-08-02;41;zhukovveniamin@ao.biz
600;company-600;1982-03-15;68;ekaterina2019@npo.ru
601;company-601;2019-03-26;6;efimovpetr@npo.info
602;company-602;2005-05-10;64;rodion2000@ao.ru
603;company-603;2005-03-01;38;timur84@ao.info
604;company-604;1986-11-19;45;varvara1980@ooo.info
605;company-605;2001-03-26;43;rodionovaakulina@ooo.info
606;company-606;2010-06-19;58;alekseevaoktjabrina@zavod.info
607;company-607;2010-07-24;38;oleg92@rao.info
608;company-608;1985-09-14;11;juvenali_59@gruppa.net
609;company-609;1999-06-06;68;zahar_19@rossiskie.net
610;company-610;2011-10-30;88;fkudrjavtsev@ao.info
611;company-611;1997-02-27;99;mili1996@tatenergo.net
612;company-612;2003-11-05;46;saveli_2006@ao.net
613;company-613;1992-02-11;91;zikovaanzhela@rao.net
614;company-614;2010-05-07;55;glafira19@oao.com
615;company-615;1992-07-14;95;ferapont_85@rao.biz
616;company-616;1971-04-05;3;volkovanadezhda@rao.info
617;company-617;2004-11-24;37;gerasimovsvetozar@aviakompanija.net
618;company-618;2008-09-02;89;zhdanovagge@gruppa.org
619;company-619;1990-04-24;19;galaktionzinovev@rao.net
620;company-620;1972-03-01;52;fpestov@zao.info
621;company-621;2010-10-08;6;julipanfilov@ooo.edu
622;company-622;1988-06-14;61;kuzminaalevtina@zao.com
623;company-623;1977-09-09;71;samsonsavelev@npo.biz
624;company-624;1981-11-07;20;venedikt1995@rao.edu
625;company-625;2003-04-08;84;ermola_77@volgogradenergosbit.ru
626;company-626;2000-08-04;74;bobrovvalerjan@denisov.ru
627;company-627;1980-12-16;19;zhuravlevapelageja@brok-invest-servis.ru
628;company-628;1995-09-19;49;beljaevkliment@rao.edu
629;company-629;1983-05-29;68;uvarovaekaterina@zao.com
630;company-630;1981-12-09;68;tarasovaviktorija@zao.edu
631;company-631;2011-01-31;39;mironovmark@ao.ru
632;company-632;2011-04-15;25;arseni_54@npo.net
633;company-633;1987-08-08;88;milankomissarov@avdeev.org
634;company-634;1999-10-28;100;ostromirsimonov@glavnoe.com
635;company-635;1988-04-08;94;nazarovaelena@zikova.net
636;company-636;1981-03-01;87;pimen1997@ip.net
637;company-637;2018-12-12;2;kozlovfilaret@rao.org
638;company-638;1998-01-04;75;militsa_76@oao.ru
639;company-639;2011-02-16;9;forlova@rao.org
640;company-640;2021-10-11;89;kalashnikovmina@burov.com
641;company-641;1989-08-04;0;orehovklavdi@nikitin.org
642;company-642;1972-04-03;16;selivan_19@oao.com
643;company-643;2007-10-14;42;nadezhda29@ip.info
644;company-644;1974-10-24;75;mihe_59@singenta.biz
645;company-645;2013-01-04;93;dmitri_1991@savina.edu
646;company-646;2018-12-10;66;zkirillov@ao.org
647;company-647;1983-04-23;79;ybirjukova@ip.biz
648;company-648;1983-01-28;58;rodionblohin@rao.biz
649;company-649;1982-04-19;41;harlampishcherbakov@npo.edu
650;company-650;1987-12-15;85;litkinavarvara@zuev.ru
651;company-651;2016-05-25;49;xkrilov@emeljanova.biz
652;company-652;2005-05-29;90;vorobevladislav@ooo.edu
653;company-653;1972-08-31;37;petuhovjanuari@nikolaeva.org
654;company-654;1970-07-09;18;uljan2010@ao.org
655;company-655;1989-01-14;100;bmamontova@alekseeva.com
656;company-656;1976-03-21;57;luchezar71@npo.net
657;company-657;2020-09-20;82;llavrenteva@npo.ru
658;company-658;2013-03-11;30;miron_57@kulikova.edu
659;company-659;2009-04-05;0;zoja28@rao.org
660;company-660;1990-05-07;8;simonovaakulina@zao.net
661;company-661;1973-07-25;21;panovaagata@rao.info
662;company-662;2005-04-12;74;potap_2019@ooo.edu
663;company-663;2002-08-31;3;tvorimirevseev@komos.com
664;company-664;1984-05-23;91;izmail_1994@snezhnaja.biz
665;company-665;1998-09-06;13;mark_1992@npo.net
666;company-666;1994-12-31;25;serafim2004@ooo.com
667;company-667;1982-09-29;42;kolobovamarija@oao.com
668;company-668;1973-09-20;35;nikodim_02@rao.ru
669;company-669;1988-05-27;29;gremislav_51@oao.ru
670;company-670;2001-02-23;86;ynovikov@muhina.ru
671;company-671;1978-03-29;65;filippmakarov@komarov.biz
672;company-672;1998-11-27;48;narkismorozov@oao.biz
673;company-673;1974-11-23;5;nikifor1981@ooo.ru
674;company-674;1988-11-04;13;kuznetsovpantelemon@ao.ru
675;company-675;1978-12-01;84;uvarovairaida@oao.info
676;company-676;1987-12-17;55;agafon1989@ao.net
677;company-677;2022-05-02;19;ribakovatamara@oao.biz
678;company-678;1973-03-24;69;lora1972@npo.com
679;company-679;2019-06-30;24;fade2008@ip.biz
680;company-680;2007-08-02;42;pelageja1983@beljaeva.org
681;company-681;2019-06-22;83;jkostina@ao.edu
682;company-682;1971-07-03;90;arhipovigor@rostelekom.edu
683;company-683;2011-11-08;60;muhinmir@zao.edu
684;company-684;2012-04-07;58;terentevdemjan@bank.edu
685;company-685;1984-10-26;24;jlapina@rao.biz
686;company-686;2001-02-08;16;pahom_14@zao.com
687;company-687;1985-12-01;83;ckotova@sidorov.biz
688;company-688;2006-07-24;67;rjuriksuhanov@ip.info
689;company-689;1982-07-31;96;fekla2001@ao.biz
690;company-690;1985-10-11;38;fokinadam@ooo.com
691;company-691;2011-07-05;23;modest1993@npo.info
692;company-692;2021-02-19;94;erofe_2007@dzhti.org
693;company-693;1971-11-29;39;mir2001@rti.info
694;company-694;1987-01-08;98;zhanna_2010@ashinski.com
695;company-695;1988-07-19;16;ibespalova@bankovski.biz
696;company-696;2015-09-16;75;cheslav17@molchanova.edu
697;company-697;1990-09-20;24;makarovsimon@ao.org
698;company-698;2015-01-21;53;vadim2000@zao.ru
699;company-699;1975-04-18;38;andreevtrifon@npo.org
700;company-700;1981-09-29;83;mjasnikovaalina@oao.net
701;company-701;1974-06-12;84;andronik_2002@frolova.net
702;company-702;1981-08-02;19;oktjabrina1991@nezavisimaja.com
703;company-703;2016-12-02;3;alekseevanani@aksenov.com
704;company-704;1987-12-28;43;spartak_1981@ooo.net
705;company-705;1994-12-30;98;eliseevdorofe@evrosibenergo.org
706;company-706;2021-03-11;100;ippolit70@npo.net
707;company-707;1983-04-20;41;adrian_1987@ooo.com
708;company-708;2006-04-02;80;serge_35@oao.net
709;company-709;1977-05-11;6;budimirmartinov@ip.com
710;company-710;1999-04-16;75;grigorevnikita@zao.ru
711;company-711;2006-03-23;80;morozovdemjan@gruppa.biz
712;company-712;2004-12-12;6;sokolovvelimir@ao.biz
713;company-713;2000-08-03;38;natanovchinnikov@zao.ru
714;company-714;2000-11-10;94;sazonovdementi@rao.ru
715;company-715;2004-11-03;23;agata75@ip.edu
716;company-716;1980-10-06;18;frol_2021@sogaz.biz
717;company-717;1983-04-28;54;nosovanonna@ip.net
718;company-718;2009-11-09;66;ernst_1980@ip.org
719;company-719;2017-01-04;61;karp_40@gruppa.ru
720;company-720;2019-08-23;52;efrem44@ooo.org
721;company-721;2005-11-25;24;martjan84@ooo.org
722;company-722;2020-07-31;90;kornil_69@gromova.com
723;company-723;2012-06-29;51;kostinaljudmila@ip.biz
724;company-724;1999-07-28;60;arefimuhin@vebrf.ru
725;company-725;1984-07-29;61;ivanna1993@gazprom.info
726;company-726;2009-07-10;20;antipantonov@ao.info
727;company-727;2012-07-11;98;larionovaljubov@zao.edu
728;company-728;1978-04-16;12;pnosov@oao.org
729;company-729;2010-10-10;5;tihonovfeoktist@vasilev.com
730;company-730;1971-02-02;48;rogovuljan@ao.net
731;company-731;1995-06-10;0;vladislav68@rao.org
732;company-732;2010-06-12;93;belovamarina@samolova.org
733;company-733;1997-10-05;76;martinovmechislav@rao.net
734;company-734;1988-09-12;61;tit_29@npo.info
735;company-735;1999-05-18;64;grigorevmiroslav@fedorova.ru
736;company-736;1983-04-02;70;mechislav_2008@stepanov.biz
737;company-737;1989-02-03;3;georgiermakov@rao.org
738;company-738;1999-10-18;85;ninel_2014@npo.edu
739;company-739;1996-05-21;8;ernestdoronin@novo-urengoskaja.ru
740;company-740;1996-03-09;72;ilarion_1991@ooo.info
741;company-741;1980-07-05;10;frolovevgeni@npo.edu
742;company-742;1974-02-24;18;panfilovbronislav@krjukova.biz
743;company-743;1993-08-06;76;hariton_97@zao.com
744;company-744;1972-08-15;89;ylapin@kulakova.ru
745;company-745;2020-02-08;33;foti_2020@ip.info
746;company-746;1986-01-16;15;galina_03@fedorov.org
747;company-747;2006-06-25;29;anikita05@ooo.ru
748;company-748;1974-10-10;15;akim15@kopilova.org
749;company-749;1977-02-04;30;naum79@baranov.net
750;company-750;2001-12-11;4;osamolov@ooo.edu
751;company-751;2001-08-29;33;samolovpanfil@npo.com
752;company-752;2007-11-16;54;sila_31@rao.edu
753;company-753;2010-07-21;42;kalashnikovpankrat@ooo.ru
754;company-754;2011-01-01;88;vseslav_80@oao.org
755;company-755;1997-01-21;52;ignatovbudimir@ooo.org
756;company-756;1991-07-23;29;volkovnarkis@belova.com
757;company-757;1988-04-17;6;sdementeva@npk.biz
758;company-758;2001-12-02;45;emeljanovamarfa@shcherbakov.net
759;company-759;1983-02-13;54;gleb_09@ao.edu
760;company-760;2004-02-07;77;semenovaalevtina@grishina.edu
761;company-761;1995-01-12;51;kostinavarvara@ip.ru
762;company-762;1986-07-24;14;gremislav49@silovie.com
763;company-763;2006-02-13;2;marija_2014@a-ol.edu
764;company-764;1979-05-24;13;andre35@torgovaja.ru
765;company-765;1987-11-03;83;tihon_2016@zao.biz
766;company-766;2017-01-28;19;ztretjakova@rao.net
767;company-767;2015-12-17;83;samuilkabanov@timofeeva.info
768;company-768;2016-08-14;4;silvestr_2010@rossiskaja.ru
769;company-769;2004-07-02;71;sigizmund_2017@rao.info
770;company-770;1987-03-12;44;averjan1992@mihalov.biz
771;company-771;1982-11-16;99;bronislav_1971@ip.ru
772;company-772;1984-10-04;40;timur_51@shcherbakova.edu
773;company-773;1994-11-23;84;artemi1989@rao.ru
774;company-774;1999-05-12;11;irina_89@oao.net
775;company-775;1981-06-04;35;alevtina1971@gruppa.net
776;company-776;2010-04-28;60;amvrosi_89@rao.info
777;company-777;1986-02-17;79;uvarovspiridon@zao.edu
778;company-778;2014-01-14;55;militsa_1989@oao.com
779;company-779;2020-01-17;98;eremeharitonov@npo.info
780;company-780;1989-07-22;96;sidor_71@ebbott.info
781;company-781;1987-05-12;49;kulakovjakov@ivanov.ru
782;company-782;2014-11-26;11;seleznevasinklitikija@rao.net
783;company-783;2019-11-20;15;kotovbudimir@hohlova.net
784;company-784;2010-06-04;55;sofron_08@npo.biz
785;company-785;1988-08-30;94;kudrjashovirakli@hoff.ru
786;company-786;2001-01-11;22;aleksandr_49@dell.info
787;company-787;1975-07-10;47;alina2003@mosinzhproekt.net
788;company-788;1978-05-16;71;trifon_33@oao.ru
789;company-789;1976-03-05;89;oksana_2016@velesstro.info
790;company-790;2018-09-26;59;erofe_2017@npo.org
791;company-791;2011-01-01;90;fedorovostap@ooo.biz
792;company-792;1985-02-12;49;sidor_39@borisov.biz
793;company-793;1979-05-06;22;prokl12@rao.ru
794;company-794;1972-10-21;71;moke_30@ao.info
795;company-795;1979-09-14;71;gostomislkudrjashov@npo.info
796;company-796;2017-10-09;86;militsa2021@prioskole.org
797;company-797;1995-09-29;60;anisim2014@fomin.biz
798;company-798;1971-01-27;72;loginovafekla@mazda.biz
799;company-799;1975-04-07;67;vladimirovkonon@npo.info
800;company-800;1979-10-09;84;golubevvisheslav@oao.ru
801;company-801;1993-12-23;95;gleb2015@ooo.ru
802;company-802;2007-09-06;68;panfilovsaveli@silovie.ru
803;company-803;2008-11-12;94;ljubim2016@ooo.org
804;company-804;1971-09-06;75;gaksenova@ao.biz
805;company-805;2022-08-22;76;tretjakovvissarion@efremov.com
806;company-806;1995-11-29;60;german2010@lebedeva.com
807;company-807;1977-04-19;50;ostap2016@strogazmontazh.org
808;company-808;1994-04-27;61;shirjaevaalla@ooo.ru
809;company-809;2011-12-26;29;kolobovstanislav@sk.edu
810;company-810;1993-08-02;32;orehovmiron@mihalova.ru
811;company-811;2005-02-17;27;krjukovaljudmila@rao.org
812;company-812;1996-12-21;6;shcherbakovisa@npo.com
813;company-813;1995-07-12;19;ratiborilin@gorshkova.edu
814;company-814;1982-08-23;5;rrusakov@grishina.edu
815;company-815;1982-04-29;0;mvolkova@miheev.ru
816;company-816;1999-05-18;95;fedor_1988@oao.edu
817;company-817;1996-03-22;40;artemi72@npo.biz
818;company-818;2019-09-02;84;lvolkov@rodionova.edu
819;company-819;2015-07-02;61;hmihalov@dentsu.biz
820;company-820;1994-01-02;11;seliverstfomin@oao.net
821;company-821;2018-05-21;18;antonovadrian@ah.org
822;company-822;1970-08-10;35;sila_1977@zao.biz
823;company-823;1991-12-27;42;ermil_2013@ao.net
824;company-824;2011-07-21;47;naumovparfen@rao.net
825;company-825;1989-11-17;56;kuzmakirillov@rao.net
826;company-826;2014-08-20;72;mlitkin@oao.com
827;company-827;2018-04-09;81;voronovaantonina@gk.org
828;company-828;1992-09-20;13;oksana_2012@ao.edu
829;company-829;1992-03-14;35;feliks_2018@zao.net
830;company-830;1996-08-01;66;mir_47@ip.org
831;company-831;2000-04-23;80;poljakovadarja@tgk-2.ru
832;company-832;2021-04-06;23;anatoli_2016@rosbank.info
833;company-833;1980-03-08;48;nikiforovbogdan@ip.org
834;company-834;1997-05-17;4;nazarovaanzhela@zao.ru
835;company-835;2005-09-24;14;sisoevpankrat@zao.net
836;company-836;2016-11-09;91;orlovilja@npo.edu
837;company-837;1999-07-09;64;erofe_2017@ip.edu
838;company-838;1982-07-08;15;ponomarevaolimpiada@elko.org
839;company-839;1997-02-27;91;samsonovaeleonora@surgutneftegaz.org
840;company-840;1985-06-19;43;uvarovartemi@oao.ru
841;company-841;1973-10-10;88;viktor_41@ao.info
842;company-842;2003-08-26;53;prohor_2019@shilova.info
843;company-843;2020-12-02;13;sevastjan_70@ao.org
844;company-844;2009-11-12;17;fedoseevanadezhda@zao.com
845;company-845;2009-06-20;45;avksenti_83@npo.edu
846;company-846;1985-01-20;82;filippovapraskovja@prokter.net
847;company-847;2010-02-19;64;merkushevgostomisl@gk.net
848;company-848;1979-01-18;11;harlampisamsonov@ao.ru
849;company-849;1982-07-26;76;antippopov@orlov.edu
850;company-850;1974-03-12;60;evgenija1988@russneft.net
851;company-851;1991-11-12;34;tsvetkovinnokenti@npo.info
852;company-852;2010-09-13;78;artem2014@mobilnie.info
853;company-853;1988-05-04;99;tihon1999@npo.info
854;company-854;2007-08-11;69;lefremova@oao.net
855;company-855;1988-09-21;91;kulikovostromir@ip.com
856;company-856;1988-11-09;21;vlasovrostislav@rostelekom.com
857;company-857;2012-03-26;18;julian39@ip.info
858;company-858;2010-08-29;77;artemevanina@mars.net
859;company-859;1989-08-17;50;agafon_1994@korporatsija.info
860;company-860;1981-03-08;38;ija_80@kazakova.info
861;company-861;2006-06-06;38;ztihonova@ao.info
862;company-862;1999-11-27;64;arhip_53@rao.com
863;company-863;1994-07-20;1;filipp_26@oao.com
864;company-864;1975-11-30;60;anna_61@rao.com
865;company-865;1976-04-19;22;foti54@ao.biz
866;company-866;1985-05-12;55;popovporfiri@npo.net
867;company-867;1972-04-20;85;frolovmilan@zao.biz
868;company-868;2014-07-11;18;milan_31@npo.net
869;company-869;1995-05-04;38;morozovsvjatoslav@zao.biz
870;company-870;1975-10-05;19;juli07@bmv.com
871;company-871;1973-03-04;55;galaktionbikov@zao.com
872;company-872;1973-12-09;31;filaret1978@salim.biz
873;company-873;2014-08-03;17;gavrila_14@zao.net
874;company-874;2008-02-06;21;milanbelozerov@oao.edu
875;company-875;1996-10-31;47;krasilnikovpankrat@ip.net
876;company-876;2009-08-15;66;odrozdov@avtodom.org
877;company-877;2003-09-07;87;ratmirmuhin@ip.org
878;company-878;1999-12-18;39;onufri_45@oao.net
879;company-879;1977-06-03;64;lzhdanov@tihonova.edu
880;company-880;1989-12-15;96;ershovaveronika@ao.ru
881;company-881;1996-03-18;40;ustinovjulian@ao.com
882;company-882;1987-01-05;49;uagafonova@ip.net
883;company-883;1981-04-18;8;akim_23@rusakova.biz
884;company-884;1977-09-09;49;vishnjakovavde@gromov.net
885;company-885;2010-03-25;26;rodion1987@rao.edu
886;company-886;1982-01-04;15;stepanovleon@metallstandart.edu
887;company-887;1982-07-24;31;lobanovnikon@ip.info
888;company-888;2004-12-25;27;morozovartem@ip.edu
889;company-889;2017-03-06;28;odintsovvalerjan@popov.info
890;company-890;2012-10-29;76;kiselevnikodim@oao.org
891;company-891;2003-10-11;15;valerjan2008@krastsvetmet.biz
892;company-892;2000-04-14;62;davidovvlas@npo.biz
893;company-893;1972-05-10;31;evstigne2001@ao.org
894;company-894;1998-06-23;52;vsemil1978@oao.edu
895;company-895;2022-03-04;88;pankratikononov@ao.org
896;company-896;2003-02-24;5;filaret2022@ooo.biz
897;company-897;1972-12-05;15;olimpiada80@npo.com
898;company-898;1993-07-31;48;lavrentevostromir@ooo.edu
899;company-899;1971-07-10;40;nosovrodion@rao.edu
900;company-900;2007-11-28;33;lazarvoronov@riv.net
901;company-901;2020-09-18;96;sidorovazhanna@ao.info
902;company-902;1999-08-02;0;demjanandreev@ip.edu
903;company-903;1998-09-04;50;evse97@gruppa.com
904;company-904;2020-09-01;79;lora_1990@npo.info
905;company-905;1973-09-08;54;juvenali_94@npo.com
906;company-906;1991-07-05;39;vseslav_2018@ao.biz
907;company-907;1980-08-27;0;valeri97@potapova.info
908;company-908;1988-10-19;35;ilarion_97@ignateva.biz
909;company-909;2004-05-09;29;svetozarzikov@oao.biz
910;company-910;1976-06-27;31;azari2012@ooo.biz
911;company-911;1981-06-01;100;mlebedeva@sibuglemet.net
912;company-912;1995-05-20;72;lazarevserafim@rao.biz
913;company-913;2005-08-02;33;emeljan69@zao.net
914;company-914;1996-02-28;93;fedotnikolaev@oao.biz
915;company-915;2016-04-23;41;kuzminaevpraksija@rao.com
916;company-916;1971-02-25;89;avgust_1983@zao.info
917;company-917;2010-06-04;100;anikitazimin@rao.ru
918;company-918;1996-03-09;29;fedosi_90@ip.biz
919;company-919;1975-11-22;97;ilinazinaida@alekseeva.org
920;company-920;1980-02-15;91;iraida2007@prodo.edu
921;company-921;1991-03-10;55;varfolome60@davidova.org
922;company-922;1974-03-06;95;vadimmatveev@ao.info
923;company-923;1981-08-16;16;isakovosip@ip.info
924;company-924;2001-10-19;17;nestor_44@gruppa.com
925;company-925;1999-11-03;43;trifon_64@ooo.ru
926;company-926;1990-12-24;77;nikodim55@ip.edu
927;company-927;1985-10-08;10;pankrat_15@renessans.edu
928;company-928;2004-11-11;16;avksenti_1979@zao.biz
929;company-929;1984-05-20;34;samson17@ao.org
930;company-930;2002-12-26;99;januarishubin@ip.info
931;company-931;1994-03-09;14;georgi1998@zao.com
932;company-932;1980-01-31;49;radislav13@ooo.info
933;company-933;2000-08-04;66;alevtina_64@zao.info
934;company-934;2019-06-09;18;evserodionov@rao.ru
935;company-935;2021-08-12;75;samsonovnikola@teterin.edu
936;company-936;1989-12-07;53;marhipova@kvadra.ru
937;company-937;1972-09-22;57;jakub2013@arkonik.com
938;company-938;1987-07-13;53;konovalovsaveli@npo.ru
939;company-939;2014-03-27;48;fevronija_1972@fedotova.edu
940;company-940;1998-06-04;100;silanti94@oao.net
941;company-941;2007-08-01;36;regina70@lukina.org
942;company-942;2015-09-10;63;fade34@oao.edu
943;company-943;2019-02-16;39;evgenija1995@lerua.org
944;company-944;1998-07-07;49;bojan_78@npo.net
945;company-945;1999-09-11;51;zosima_2002@gazenergoservis.org
946;company-946;2006-07-16;64;petroverast@oao.org
947;company-947;2010-12-02;5;antonovafekla@odintsov.edu
948;company-948;2006-09-01;84;rogovnikodim@ip.org
949;company-949;1991-07-23;38;vsevolod_83@satkinski.net
950;company-950;2012-04-15;13;efim2022@ignatova.info
951;company-951;1999-01-21;58;irakli_1980@gk.biz
952;company-952;2007-02-11;44;anastasija1981@rao.org
953;company-953;2022-09-11;81;sharovagalina@rosatom.edu
954;company-954;2015-04-17;71;klavdilukin@nikiforov.org
955;company-955;1995-05-23;15;kornilovosip@gk.ru
956;company-956;1984-09-25;17;krilovapollon@bolshakova.edu
957;company-957;1972-06-02;87;muravevaljubov@ooo.com
958;company-958;1971-07-16;63;avksentigusev@ooo.edu
959;company-959;1999-01-28;68;boleslavkolesnikov@gusev.ru
960;company-960;1976-08-08;64;uljan_72@ooo.ru
961;company-961;1984-08-26;20;zavdeeva@rao.org
962;company-962;2006-12-26;20;rozhkovadarja@oao.com
963;company-963;1994-03-19;88;timurilin@agafonova.ru
964;company-964;2022-04-26;69;blohinafaina@rao.com
965;company-965;2001-02-04;61;evstafi_1992@zao.org
966;company-966;1990-12-21;83;olga11@zao.info
967;company-967;1984-08-17;29;lihachevkliment@ooo.org
968;company-968;1988-10-27;8;rjabovsevastjan@npo.edu
969;company-969;1994-05-18;33;darja_17@volkov.com
970;company-970;2012-12-18;26;belozerovamarina@npo.com
971;company-971;1970-08-08;51;ribakovmihe@rozhkov.com
972;company-972;2020-07-24;8;nikitinazari@rao.edu
973;company-973;1984-05-30;50;fortunat_44@yaguar.biz
974;company-974;1991-12-12;52;aleksandrgromov@en.com
975;company-975;1989-09-30;0;lev_2004@odintsova.com
976;company-976;1975-11-27;82;nadezhda_1970@titova.edu
977;company-977;1971-05-07;31;lukinaviktorija@npo.biz
978;company-978;1987-09-22;59;dementevvisheslav@krasilnikov.ru
979;company-979;2003-09-28;38;ribakovjan@zao.ru
980;company-980;2019-09-08;63;solovevanaina@knjazev.com
981;company-981;1996-10-30;96;elizaveta34@npo.com
982;company-982;1979-02-10;7;feliks25@mosmetrostro.info
983;company-983;2009-05-10;75;kliment_1985@gruppa.org
984;company-984;2003-03-09;90;larisa90@ao.edu
985;company-985;2021-12-22;80;gsamsonov@oao.biz
986;company-986;2003-01-22;14;feofan_93@rao.net
987;company-987;1991-12-05;13;savvati_60@metallokomplekt-m.org
988;company-988;1990-06-06;90;gkomissarova@rao.net
989;company-989;1986-11-07;28;veselovaevfrosinija@metalloinvest.net
990;company-990;1974-10-04;49;dmitrievmilovan@seleznev.biz
991;company-991;1970-02-10;39;fadeevlukjan@filatova.edu
992;company-992;1995-08-15;85;omihalov@zao.edu
993;company-993;1972-06-01;59;evdokija_92@ooo.edu
994;company-994;1979-04-29;19;kazakovsvjatoslav@holding.biz
995;company-995;2017-10-30;56;gorshkovavera@rao.net
996;company-996;1985-10-14;15;chernovpolikarp@npo.edu
997;company-997;1986-12-15;82;panfil_85@rao.org
998;company-998;1979-01-14;37;zkonovalova@savin.info
999;company-999;1994-01-09;38;samolovljubosmisl@ooo.edu
1000;company-1000;2009-12-09;28;vinogradovvsemil@oao.com
